{"cameraMode":{"drawMode":0,"name":"Shaded","section":"Shading Mode"},"sceneLighting":false,"audioPlay":false,"sceneViewState":{"showFog":true,"showMaterialUpdate":false,"showSkybox":true,"showFlares":true,"showImageEffects":true,"showParticleSystems":true},"in2DMode":false,"pivot":{"x":0.14000000059604646,"y":-0.2800000011920929,"z":0.49000000953674319},"rotation":{"x":0.6948330402374268,"y":0.011435039341449738,"z":-0.011050925590097905,"w":0.7189952731132507},"size":0.6259546875953674,"orthographic":true}