{"cameraMode":{"drawMode":0,"name":"Shaded","section":"Shading Mode"},"sceneLighting":false,"audioPlay":false,"sceneViewState":{"showFog":true,"showMaterialUpdate":false,"showSkybox":true,"showFlares":true,"showImageEffects":true,"showParticleSystems":true},"in2DMode":false,"pivot":{"x":0.14000000059604646,"y":-0.2800000011920929,"z":0.49000000953674319},"rotation":{"x":0.31393831968307497,"y":0.05067138001322746,"z":-0.016781188547611238,"w":0.947941780090332},"size":0.6259546875953674,"orthographic":true}