{"cameraMode":{"drawMode":0,"name":"Shaded","section":"Shading Mode"},"sceneLighting":false,"audioPlay":false,"sceneViewState":{"showFog":true,"showMaterialUpdate":false,"showSkybox":true,"showFlares":true,"showImageEffects":true,"showParticleSystems":true},"in2DMode":false,"pivot":{"x":0.8219465017318726,"y":-0.6606159210205078,"z":0.6176215410232544},"rotation":{"x":0.32715126872062685,"y":0.010775133036077023,"z":-0.003730757161974907,"w":0.9449031949043274},"size":7.093371868133545,"orthographic":false}