{"cameraMode":{"drawMode":0,"name":"Shaded","section":"Shading Mode"},"sceneLighting":false,"audioPlay":false,"sceneViewState":{"showFog":true,"showMaterialUpdate":false,"showSkybox":true,"showFlares":true,"showImageEffects":true,"showParticleSystems":true},"in2DMode":false,"pivot":{"x":0.7790847420692444,"y":-0.6195476651191711,"z":0.5882734060287476},"rotation":{"x":0.6706570982933044,"y":-0.06754399836063385,"z":0.06153719127178192,"w":0.7361183166503906},"size":1.520672082901001,"orthographic":false}