{"cameraMode":{"drawMode":0,"name":"Shaded","section":"Shading Mode"},"sceneLighting":false,"audioPlay":false,"sceneViewState":{"showFog":true,"showMaterialUpdate":false,"showSkybox":true,"showFlares":true,"showImageEffects":true,"showParticleSystems":true},"in2DMode":false,"pivot":{"x":0.14748725295066834,"y":0.0027440786361694338,"z":1.578890085220337},"rotation":{"x":0.43931353092193606,"y":-0.043092064559459689,"z":0.021103352308273317,"w":0.8970515131950378},"size":2.8848838806152345,"orthographic":false}