{"cameraMode":{"drawMode":0,"name":"Shaded","section":"Shading Mode"},"sceneLighting":false,"audioPlay":false,"sceneViewState":{"showFog":true,"showMaterialUpdate":false,"showSkybox":true,"showFlares":true,"showImageEffects":true,"showParticleSystems":true},"in2DMode":false,"pivot":{"x":0.17181217670440675,"y":-0.2862909436225891,"z":0.5958213806152344},"rotation":{"x":0.2877374589443207,"y":0.4484354853630066,"z":-0.15510503947734834,"w":0.83189857006073},"size":0.7396265268325806,"orthographic":false}