{"cameraMode":{"drawMode":0,"name":"Shaded","section":"Shading Mode"},"sceneLighting":true,"audioPlay":false,"sceneViewState":{"showFog":true,"showMaterialUpdate":false,"showSkybox":true,"showFlares":true,"showImageEffects":true,"showParticleSystems":true},"in2DMode":false,"pivot":{"x":0.2103026658296585,"y":-0.8385663032531738,"z":5.539271831512451},"rotation":{"x":0.14733204245567323,"y":0.019285324960947038,"z":-0.0028734086081385614,"w":0.9888949394226074},"size":20.691343307495118,"orthographic":false}